{"model": "mistral", "results": {"bleu": 0.06633689168630333, "rouge": 0.26291932183719646, "exact_match": 0.0}}